time,state,workload,complete_work_with_robot,tries,success,obstacle2,obstacle3,human_at_start_of_check
0.6042249202728271,1,9,0,0,0,0,0,True
11.123490810394287,2,8,0,0,0,0,0,True
29.364126920700073,3,7,0,0,0,0,0,True
66.88144993782043,4,22,1,0,0,0,0,True
78.12734389305115,3,21,1,0,0,0,0,True
95.39849185943604,2,20,1,0,0,0,0,True
145.97937083244324,0,15,1,1,0,0,0,True
157.57448291778564,0,14,1,2,1,0,0,True
166.38679885864258,1,13,0,0,0,0,0,True
