time,state,workload
0.0001239776611328125,1,12
10.377470970153809,1,11
16.353266954421997,2,11
27.367909908294678,2,10
43.365967988967896,3,8
69.34151101112366,4,23
80.36656403541565,3,22
97.37051701545715,2,21
124.34754204750061,0,18
130.35914206504822,1,17
