time,state,workload,complete_work_with_robot,tries,success,obstacle2,obstacle3,human_at_start_of_check
0.13535189628601074,1,9,0,0,0,0,0,True
12.092487812042236,2,8,0,0,0,0,1,True
23.348861932754517,2,7,0,0,0,0,0,True
40.12002992630005,3,6,0,0,0,0,0,True
97.72887396812439,4,21,1,0,0,0,0,False
108.42570686340332,3,20,1,0,0,0,0,True
125.06110882759094,2,19,1,0,0,0,0,True
179.76963996887207,0,14,1,1,0,0,0,True
