time,state,workload
0.00011610984802246094,1,12
10.946542024612427,1,11
17.98707604408264,2,11
33.973453998565674,3,9
66.95137405395508,4,24
77.96935701370239,3,23
93.95522093772888,2,22
140.93729305267334,0,17
146.9483540058136,1,17
157.96746706962585,1,16
168.94756293296814,1,15
179.965008020401,1,13
186.93813395500183,2,13
202.9620590209961,3,11
228.96220016479492,4,26
240.07829403877258,3,25
250.96047616004944,3,24
266.9480719566345,2,23
